AT,V,AP,RH,PE_pred
25,51.0,1012,91,449.30428571428575
31,60.0,1005,50,438.9766666666667
20,47.0,1003,83,454.2113793103449
38,67.0,1008,70,434.16290780141844
23,,1013,54,446.758888888889
